{"fa-asset":{
    "pullReplicas":"0",
    "replicationFactor":"1",
    "shards":{"shard1":{
        "range":"80000000-7fffffff",
        "state":"active",
        "replicas":{"core_node2":{
            "core":"fa-asset_shard1_replica_n1",
            "base_url":"http://slc05zgm.us.oracle.com:7003/core_ecc",
            "node_name":"slc05zgm.us.oracle.com:7003_core_ecc",
            "state":"active",
            "type":"NRT",
            "force_set_state":"false",
            "leader":"true"}}}},
    "router":{"name":"compositeId"},
    "maxShardsPerNode":"1",
    "autoAddReplicas":"false",
    "nrtReplicas":"1",
    "tlogReplicas":"0"}}